{"cameraMode":{"drawMode":0,"name":"Shaded","section":"Shading Mode"},"sceneLighting":false,"audioPlay":false,"sceneViewState":{"showFog":true,"showMaterialUpdate":false,"showSkybox":false,"showFlares":true,"showImageEffects":true,"showParticleSystems":true},"in2DMode":false,"pivot":{"x":-41.0911865234375,"y":0.2946009635925293,"z":-36.489891052246097},"rotation":{"x":-0.5818655490875244,"y":-0.0029522122349590065,"z":0.002127240179106593,"w":-0.8133219480514526},"size":3.464101552963257,"orthographic":false}