{"cameraMode":{"drawMode":0,"name":"Shaded","section":"Shading Mode"},"sceneLighting":true,"audioPlay":false,"sceneViewState":{"showFog":false,"showMaterialUpdate":false,"showSkybox":false,"showFlares":false,"showImageEffects":false,"showParticleSystems":false},"in2DMode":false,"pivot":{"x":-0.6359723806381226,"y":-32.97954559326172,"z":60.477012634277347},"rotation":{"x":0.29406052827835085,"y":-0.015718679875135423,"z":0.004871787503361702,"w":0.95569908618927},"size":48.82346725463867,"orthographic":false}